{
  "article": [],
  "blog": [],
  "collection": [],
  "company": [],
  "company_location": [],
  "location": [],
  "market": [],
  "order": [],
  "page": [],
  "product": [
    {
      "key": "color-pattern",
      "namespace": "shopify",
      "name": "Color",
      "description": "Defines the primary color or pattern, such as blue or striped",
      "type": {
        "name": "list.metaobject_reference",
        "category": "REFERENCE"
      }
    },
    {
      "key": "size",
      "namespace": "shopify",
      "name": "Size",
      "description": "Used to specify the size of a product, such as 0-3 months or Extra large (XL)",
      "type": {
        "name": "list.metaobject_reference",
        "category": "REFERENCE"
      }
    }
  ],
  "variant": [],
  "shop": []
}